{"p": 3695.8415165747215, "acc_var": 0.00010006262814713594, "position_variance": 1.8887259803237162, "speed_variance": 0.09987230434793873}